Brand,Channel,Conversation Origin,Conversation URL,Conversation Tags,Message Type,Staff Name,Staff Email,Message Timestamp,Message Body
BoxNCase Help Center,BoxNCase Support,Staff Outbound,https://support.boxncase.com/conversations/luci-sugar-cookies/perma?token=f27c86212a161,"",Staff,BoxNCase Resolution Center,sales@boxncase.com,2024-10-11T13:50:26.133-04:00,"Hi Matt,

Thank you for reaching out to us. I wanted to let you know that the best price we can offer at this time is $62.24 per case. We strive to provide competitive pricing and hope this meets your needs.

If you have any further questions or require additional assistance, please feel free to reach out. We're here to help.

Thank you for choosing us.

Best regards,  
Katy"
BoxNCase Help Center,BoxNCase Support,Staff Outbound,https://support.boxncase.com/conversations/yum-earth-holiday-sale/perma?token=b31530c3089dc,"",Staff,BoxNCase Resolution Center,sales@boxncase.com,2024-10-17T14:25:26.469-04:00,"Hi Tyler,

I hope this message finds you well. As the holiday season approaches, we wanted to reach out and see if you're interested in pre-ordering some of our products. This is a great opportunity to ensure you have everything you need for the festivities. Please let us know if you have any questions or if there's anything specific you'd like to order. We're here to help make your holiday planning as smooth as possible.

Looking forward to hearing from you soon!

Thanks,  
Katy"
BoxNCase Help Center,BoxNCase Support,Staff Outbound,https://support.boxncase.com/conversations/order-update-bnc24-15734-33/perma?token=997638fe51abe,"",Staff,BoxNCase Resolution Center,sales@boxncase.com,2024-10-24T14:37:05.248-04:00,"Hi Wanwimon,

Thanks for your order. Currently, the dried figs on order are out of stock, but we do have Adam & Eve Kalamata Sun-Dried Figs 7.05 Oz once available to ship, please let us know if the replacement is okay to ship.

Thanks,  
Katy"
BoxNCase Help Center,BoxNCase Support,Staff Outbound,https://support.boxncase.com/conversations/order-update-bnc24-15884-33/perma?token=7fce99d76a2a1,"",Staff,BoxNCase Resolution Center,sales@boxncase.com,2024-10-28T15:03:39.369-04:00,"Hi Lauren,

I hope this message finds you well. To proceed with shipping your order, we kindly ask that you complete and return the attached credit card authorization form. This step is necessary for orders over $500 to ensure the security of your transaction and to protect against credit card fraud. We appreciate your understanding and cooperation in this matter.

Thank you for your attention to this, and please let us know if you have any questions or need further assistance.

Best regards,  
Jen"
BoxNCase Help Center,BoxNCase Support,Staff Outbound,https://support.boxncase.com/conversations/order-update-15420/perma?token=7771f8ce03f83,"",Staff,BoxNCase Resolution Center,sales@boxncase.com,2024-11-07T15:34:01.101-05:00,"Hi Brooks,

Thank you for reaching out and for your order. I wanted to inform you that the figs you ordered are currently on backorder. However, we do have the Adam & Eve Kalamata Sun-Dried Figs in stock, which are of higher quality compared to the Krinos Kalamata figs. Please let us know if you would like to proceed with these, and we will be happy to process your order promptly.

https://boxncase.com/products/adam-eve-kalamata-sun-dried-figs-7-05-oz-24ct

Thank you for your understanding.

Best regards,  
Katy"
BoxNCase Help Center,BoxNCase Support,Staff Outbound,https://support.boxncase.com/conversations/order-update-bnc24-16045-33/perma?token=d4e3e27645236,"",Staff,BoxNCase Resolution Center,sales@boxncase.com,2024-11-14T14:15:02.155-05:00,"Hi Victoria,

Thank you for reaching out to us. I wanted to inform you that the item from your order is currently on backorder. However, we do have a similar item available that could serve as a substitute. Please take a look at the following product link:

[Substitute Item - Laffy Taffy Mini Banana Tub](https://boxncase.com/products/laffy-taffy-mini-banana-tub?variant=31971992862765)

Could you please let us know if this substitute is acceptable for your order? We want to ensure your satisfaction and are here to assist you with any questions or concerns you might have.

Thank you for your understanding and patience.

Best regards,  
Katy  
BoxNCase Help Center Team"
BoxNCase Help Center,BoxNCase Support,Staff Outbound,https://support.boxncase.com/conversations/ty-nant-water-93afb7f2079f49c2/perma?token=c32dfcf6cc305,"",Staff,BoxNCase Resolution Center,sales@boxncase.com,2024-11-18T15:09:37.735-05:00,"Hi Nancy,

Thank you for your recent order. I wanted to inform you that, unfortunately, the blue Ty Nant water is currently unavailable. However, we do have the red bottle in stock. Could you please let us know if the red bottle would be an acceptable alternative for you? We are committed to ensuring your satisfaction and are here to assist with any further questions or preferences you might have.

Thank you for your understanding.

Best regards,  
Jen"
BoxNCase Help Center,BoxNCase Support,Staff Outbound,https://support.boxncase.com/conversations/update-on-your-order-haribo-kicks/perma?token=7a6e47e3f54a9,"",Staff,BoxNCase Resolution Center,sales@boxncase.com,2025-02-07T15:53:44.135-05:00,"Hi Mike,

I hope this message finds you well. I am reaching out to provide an update on your recent order with us at BoxNCase. Unfortunately, the Haribo Kicks you requested are currently on backorder. We apologize for any inconvenience this may cause.

However, we are pleased to inform you that we have the Müttenberg Candy Sour Gummy Kicks available and ready to be shipped immediately. If you would like, we can substitute the Haribo Kicks with the Müttenberg Candy Sour Gummy Kicks so you can receive your order without further delay.

Please let us know how you would like to proceed, and we will be happy to accommodate your preference.

Thank you for choosing BoxNCase. We appreciate your understanding and look forward to serving you.

Best regards,

Jen  
BoxNCase Help Center"
BoxNCase Help Center,BoxNCase Support,Staff Outbound,https://support.boxncase.com/conversations/update-on-your-order-haribo-kicks-fcb01f84b11f95d4/perma?token=7fa8514e5ed80,"",Staff,BoxNCase Resolution Center,sales@boxncase.com,2025-02-07T15:55:00.728-05:00,"Hi Tonia,

I hope this message finds you well. I am reaching out to provide an update on your recent order with us at BoxNCase. Unfortunately, the Haribo Kicks you requested are currently on backorder. We apologize for any inconvenience this may cause.

However, we are pleased to inform you that we have the Müttenberg Candy Sour Gummy Kicks available and ready to be shipped immediately. If you would like, we can substitute the Haribo Kicks with the Müttenberg Candy Sour Gummy Kicks so you can receive your order without further delay.

Please let us know how you would like to proceed, and we will be happy to accommodate your preference.

Thank you for choosing BoxNCase. We appreciate your understanding and look forward to serving you.

Best regards,

Jen  
BoxNCase Help Center"
BoxNCase Help Center,BoxNCase Support,Staff Outbound,https://support.boxncase.com/conversations/update-on-your-order-haribo-kicks-849095ae8ec047d5/perma?token=69baf2b2aeca5,"",Staff,BoxNCase Resolution Center,sales@boxncase.com,2025-02-07T15:55:54.921-05:00,"Hi Derek,

I hope this message finds you well. I am reaching out to provide an update on your recent order with us at BoxNCase. Unfortunately, the Haribo Kicks you requested are currently on backorder. We apologize for any inconvenience this may cause.

However, we are pleased to inform you that we have the Müttenberg Candy Sour Gummy Kicks available and ready to be shipped immediately. If you would like, we can substitute the Haribo Kicks with the Müttenberg Candy Sour Gummy Kicks so you can receive your order without further delay.

Please let us know how you would like to proceed, and we will be happy to accommodate your preference.

Thank you for choosing BoxNCase. We appreciate your understanding and look forward to serving you.

Best regards,

Jen  
BoxNCase Help Center"
BoxNCase Help Center,BoxNCase Support,Staff Outbound,https://support.boxncase.com/conversations/order-update-bnc24-15884-33-2387aa34f1c4cd2c/perma?token=926e2bd20d1e3,"",Staff,BoxNCase Resolution Center,sales@boxncase.com,2025-02-24T16:17:25.866-05:00,"Subject: Important Update Regarding Your Order

Hi Annie,

Thank you for choosing us for your floral needs. We wanted to inform you that your recent order requires overnight shipping to ensure the flowers arrive in perfect condition. This specialized shipping service incurs an additional fee of $25, which has been added to your order.

To proceed with the shipment, we kindly ask you to complete the payment for this additional amount. Once the payment is processed, we will expedite the shipping to ensure your flowers reach you as fresh and beautiful as intended.

We appreciate your understanding and cooperation. If you have any questions or need further assistance, please feel free to reach out.

Thank you for your prompt attention to this matter.

Best regards,  
Jen  
BoxNCase Help Center"
BoxNCase Help Center,BoxNCase Support,Staff Outbound,https://support.boxncase.com/conversations/hi-nauki/perma?token=a7a7a96182edc,"",Staff,BoxNCase Resolution Center,sales@boxncase.com,2025-02-27T13:33:35.088-05:00,"Hi Nauki,  
Please find the credit card form attached as discussed over the phone.

Thanks,  
Katy"
BoxNCase Help Center,BoxNCase Support,Staff Outbound,https://support.boxncase.com/conversations/bnc24-18269-33/perma?token=fc013e4264432,"",Staff,BoxNCase Resolution Center,sales@boxncase.com,2025-03-03T18:27:22.209-05:00,"Hi Joseph,

Please send back the complete credit card form and also as discussed please see the details of Bucheron Cheese from another vendor.  
https://boxncase.com/products/montchevre-bucheron-cheese-log-1?_pos=1&_sid=becf390a1&_ss=r&variant=44317500309743

Thanks,  
Peter"
BoxNCase Help Center,BoxNCase Support,Staff Outbound,https://support.boxncase.com/conversations/super-coffee/perma?token=b70d166de77e1,"",Staff,BoxNCase Resolution Center,sales@boxncase.com,2025-04-01T18:43:51.292-04:00,"Hi Stacy,

Thank you for reaching out! I hope you're doing well. To place your order, please follow the link below, which will take you directly to our selection of Super Coffee products:

[Order Super Coffee](https://boxncase.com/collections/vendors?q=Super%20Coffee)

If you have any questions or need further assistance while placing your order, please don't hesitate to let me know. I'm here to help!

Best regards,  
Jen"
BoxNCase Help Center,BoxNCase Support,Staff Outbound,https://support.boxncase.com/conversations/order-update-cceec72e60397a11/perma?token=5eb5e2e768ab5,"",Staff,BoxNCase Resolution Center,sales@boxncase.com,2025-04-02T16:58:21.612-04:00,"Hi Cody,

I hope this message finds you well. I wanted to reach out regarding your recent order. Unfortunately, the cheese you selected is currently on back order. However, we do have a similar option available that I believe you might enjoy: the Artikaas Smoked Gouda Cheese (6 oz). You can find more details about it here: [Artikaas Smoked Gouda Cheese](https://boxncase.com/products/artikaas-smoked-gouda-cheese-6-oz?_pos=10&_sid=bf48240c4&_ss=r&variant=45694560960751).

Please let me know if this substitution works for you, or if there’s anything else I can assist you with. Your satisfaction is our top priority, and we want to ensure you have a great experience with us.

Thank you for your understanding, and I look forward to hearing from you soon.

Best regards,  
Jen"
BoxNCase Help Center,BoxNCase Support,Staff Outbound,https://support.boxncase.com/conversations/order-update-0b3ccad37283ec09/perma?token=ecaf578b42ec5,"",Staff,BoxNCase Resolution Center,sales@boxncase.com,2025-04-14T17:44:45.064-04:00,"Hi Rita,

Thank you for your recent order with us! I wanted to reach out regarding the Ronnybrook Dairy Crème Fraiche - 2 LB that you selected. Unfortunately, this item is currently on back order.

To ensure you receive a product as soon as possible, we would like to offer you an alternative option at no additional cost. We have the Cabot Creamery Crème Fraiche - 3 LB available, which you can view through the link below:

[Cabot Creamery Crème Fraiche - 3 LB](https://boxncase.com/products/cabot-creamery-creme-fraiche-1?_pos=1&_psq=CABOT+CREAMERY+Creme+Fraiche&_ss=e&_v=1.0&variant=46100591575279)

Please let us know if you would like to proceed with this substitute or if you prefer to wait for the original item. Your satisfaction is our top priority, and we are here to assist you in any way we can.

Thank you for your understanding, and we look forward to your response!

Best regards,  
Katy"
BoxNCase Help Center,BoxNCase Support,Staff Outbound,https://support.boxncase.com/conversations/order-update-686b3eef6c351832/perma?token=a722f7d913a80,Cancel/Refund,Staff,BoxNCase Resolution Center,sales@boxncase.com,2025-04-21T14:24:46.584-04:00,"Hi Spencer,

Thank you for reaching out and for your recent order. I wanted to inform you that, unfortunately, the coconut flavor you selected is currently out of stock. However, we do have a variety of delicious alternatives available in our Lemon Perfect line. You can choose from the following flavors: Watermelon, Sunshine Tea, Peach, Lemon, Lime, and Mango.

Please let me know if any of these options appeal to you, and I will be happy to process your order promptly. Your satisfaction is our priority, and we want to ensure you receive a product you’ll enjoy.

Thank you for your understanding, and I look forward to hearing from you soon!

Best regards,  
Jen"
BoxNCase Help Center,BoxNCase Support,Staff Outbound,https://support.boxncase.com/conversations/order-update-7c01965e631af03e/perma?token=e5ec76634efcb,Cancel/Refund,Staff,BoxNCase Resolution Center,sales@boxncase.com,2025-04-21T14:25:55.136-04:00,"Hi Angela,

Thank you for reaching out and for your recent order. I wanted to inform you that, unfortunately, the coconut flavor you selected is currently out of stock. However, we do have a variety of delicious alternatives available in our Lemon Perfect line. You can choose from the following flavors: Watermelon, Sunshine Tea, Peach, Lemon, Lime, and Mango.

Please let me know if any of these options appeal to you, and I will be happy to process your order promptly. Your satisfaction is our priority, and we want to ensure you receive a product you’ll enjoy.

Thank you for your understanding, and I look forward to hearing from you soon!

Best regards,  
Jen"
BoxNCase Help Center,BoxNCase Support,Staff Outbound,https://support.boxncase.com/conversations/order-update-e0d81e8354152586/perma?token=6ad66ba09166b,"",Staff,BoxNCase Resolution Center,sales@boxncase.com,2025-04-21T14:27:00.205-04:00,"Hi Caroline,

Thank you for reaching out and for your recent order. I wanted to inform you that, unfortunately, the coconut flavor you selected is currently out of stock. However, we do have a variety of delicious alternatives available in our Lemon Perfect line. You can choose from the following flavors: Watermelon, Sunshine Tea, Peach, Lemon, Lime, and Mango.

Please let me know if any of these options appeal to you, and I will be happy to process your order promptly. Your satisfaction is our priority, and we want to ensure you receive a product you’ll enjoy.

Thank you for your understanding, and I look forward to hearing from you soon!

Best regards,  
Jen"
BoxNCase Help Center,BoxNCase Support,Staff Outbound,https://support.boxncase.com/conversations/order-update-da6840e72f5bb03c/perma?token=260adaf99ce9b,Cancel/Refund,Staff,BoxNCase Resolution Center,sales@boxncase.com,2025-04-21T14:38:46.430-04:00,"Hi Michelle,

Thank you for reaching out and for your recent order. I wanted to inform you that, unfortunately, the flavor you selected for the Calypso is currently out of stock. However, we do have a variety of delicious alternatives available in our Calypso line. You can choose from the following flavors:  
OCEAN BLUE LEMONADE  
GRAPEBERRY LEMONADE  
ISLAND WAVE LEMONADE  
KIWI LEMONADE  
ORIGINAL LEMONADE  
PARADISE PUNCH LEMONADE  
PINEAPPLE PEACH LIMEADE  
STRAWBERRY LEMONADE  
TRIPLE MELON LEMONADE  
TROPIC TANGO LEMONADE  
TROPICAL MANGO LEMONADE

Please let me know if any of these options appeal to you, and I will be happy to process your order promptly. Your satisfaction is our priority, and we want to ensure you receive a product you’ll enjoy.  
Thank you for your understanding, and I look forward to hearing from you soon!

Best regards,   
Jen"
BoxNCase Help Center,BoxNCase Support,Staff Outbound,https://support.boxncase.com/conversations/order-update-b1c9c4b694c5e24a/perma?token=cc86d467ba93d,Cancel/Refund,Staff,BoxNCase Resolution Center,sales@boxncase.com,2025-04-21T14:40:51.797-04:00,"Hi Karen,

Thank you for reaching out and for your recent order. I wanted to inform you that, unfortunately, the flavor you selected for the Calypso is currently out of stock. However, we do have a variety of delicious alternatives available in our Calypso line. You can choose from the following flavors:  
OCEAN BLUE LEMONADE  
GRAPEBERRY LEMONADE  
ISLAND WAVE LEMONADE  
KIWI LEMONADE  
ORIGINAL LEMONADE  
PARADISE PUNCH LEMONADE  
PINEAPPLE PEACH LIMEADE  
STRAWBERRY LEMONADE  
TRIPLE MELON LEMONADE  
TROPIC TANGO LEMONADE  
TROPICAL MANGO LEMONADE  
SOUTHERN PEACH LEMONADE

Please let me know if any of these options appeal to you, and I will be happy to process your order promptly. Your satisfaction is our priority, and we want to ensure you receive a product you’ll enjoy.  
Thank you for your understanding, and I look forward to hearing from you soon!

Best regards,   
Jen"
BoxNCase Help Center,BoxNCase Support,Staff Outbound,https://support.boxncase.com/conversations/order-update-1b6e8e83a962248b/perma?token=6388f96de9bcd,"",Staff,BoxNCase Resolution Center,sales@boxncase.com,2025-04-21T14:41:49.733-04:00,"Hi Paige,

Thank you for reaching out and for your recent order. I wanted to inform you that, unfortunately, the flavor you selected for the Calypso is currently out of stock. However, we do have a variety of delicious alternatives available in our Calypso line. You can choose from the following flavors:  
OCEAN BLUE LEMONADE  
GRAPEBERRY LEMONADE  
ISLAND WAVE LEMONADE  
KIWI LEMONADE  
ORIGINAL LEMONADE  
PARADISE PUNCH LEMONADE  
PINEAPPLE PEACH LIMEADE  
STRAWBERRY LEMONADE  
TRIPLE MELON LEMONADE  
TROPIC TANGO LEMONADE  
TROPICAL MANGO LEMONADE  
SOUTHERN PEACH LEMONADE

Please let me know if any of these options appeal to you, and I will be happy to process your order promptly. Your satisfaction is our priority, and we want to ensure you receive a product you’ll enjoy.  
Thank you for your understanding, and I look forward to hearing from you soon!

Best regards,   
Jen"
BoxNCase Help Center,BoxNCase Support,Staff Outbound,https://support.boxncase.com/conversations/order-update-39f0a1b323bd3325/perma?token=95b98bd1d552a,"",Staff,BoxNCase Resolution Center,sales@boxncase.com,2025-04-21T14:42:52.623-04:00,"Hi Jack,

Thank you for reaching out and for your recent order. I wanted to inform you that, unfortunately, the flavor you selected for the Calypso is currently out of stock. However, we do have a variety of delicious alternatives available in our Calypso line. You can choose from the following flavors:  
OCEAN BLUE LEMONADE  
GRAPEBERRY LEMONADE  
ISLAND WAVE LEMONADE  
KIWI LEMONADE  
ORIGINAL LEMONADE  
PARADISE PUNCH LEMONADE  
PINEAPPLE PEACH LIMEADE  
STRAWBERRY LEMONADE  
TRIPLE MELON LEMONADE  
TROPIC TANGO LEMONADE  
TROPICAL MANGO LEMONADE  
SOUTHERN PEACH LEMONADE

Please let me know if any of these options appeal to you, and I will be happy to process your order promptly. Your satisfaction is our priority, and we want to ensure you receive a product you’ll enjoy.  
Thank you for your understanding, and I look forward to hearing from you soon!

Best regards,   
Jen"
BoxNCase Help Center,BoxNCase Support,Staff Outbound,https://support.boxncase.com/conversations/order-update-77c51c1414751270/perma?token=0d9db0fb96817,"",Staff,BoxNCase Resolution Center,sales@boxncase.com,2025-04-24T19:21:15.091-04:00,"Subject: Action Required: Credit Card Authorization for Your Orders

Hi Erin,

Thank you for placing your orders with us! We appreciate your business and are committed to ensuring a smooth and secure transaction process.

To proceed with the shipping of your two orders, we kindly ask you to complete and return the attached credit card authorization form. This step is necessary for orders exceeding $500, as it helps us maintain a high level of security and protect against credit card fraud. We take these precautions seriously to safeguard both your information and our operations.

If you have any questions or need assistance while filling out the form, please don’t hesitate to reach out. We’re here to help!

Thank you for your understanding and cooperation.

Best regards,  
Katy"
BoxNCase Help Center,BoxNCase Support,Staff Outbound,https://support.boxncase.com/conversations/were-here-to-help-with-your-cup4cup-gluten-free-pancake-and-waffle-mix/perma?token=5b87761bed074,"",Staff,BoxNCase Resolution Center,sales@boxncase.com,2025-04-30T13:27:35.970-04:00,"Hi Brittany,

Thank you for visiting our site! I noticed that you showed interest in our **Cup4Cup Gluten Free Pancake & Waffle Mix** but didn’t complete your purchase. I’m here to assist you with any questions or concerns you might have.

Whether you need more information about the product, have questions about ingredients, or would like assistance with the checkout process, please feel free to reach out. Your satisfaction is our priority, and we want to ensure you have the best experience possible.

Looking forward to helping you!

Best regards,  
Katy"
BoxNCase Help Center,BoxNCase Support,Staff Outbound,https://support.boxncase.com/conversations/empire-kosher-rendered-chicken-fat-25lb/perma?token=ef5555372afc0,"",Staff,BoxNCase Resolution Center,sales@boxncase.com,2025-04-30T13:31:23.234-04:00,"Hi Neko,

Thank you for taking the time to visit our site! I noticed that you showed interest in our **Empire Kosher Rendered Chicken Fat 25lb** but didn’t complete your purchase. I’m here to assist you with any questions or concerns you might have regarding this product.

Whether you need more information about the ingredients, have inquiries about how to use it, or would like assistance navigating the checkout process, please don’t hesitate to reach out. Your satisfaction is our top priority, and we want to ensure you have a seamless and enjoyable shopping experience.

If there’s anything specific that held you back from completing your order, I would love to hear about it so we can address it promptly.

Looking forward to assisting you!

Best regards,  
Katy"
BoxNCase Help Center,BoxNCase Support,Staff Outbound,https://support.boxncase.com/conversations/order-update-e14aac9e1306ffc3/perma?token=defa7ddc487c3,"",Staff,BoxNCase Resolution Center,sales@boxncase.com,2025-04-30T13:59:47.524-04:00,"Hi Jennifer,

Thank you for visiting our site! I noticed that you showed interest in our candy but didn’t complete your purchase. I’m here to assist you with any questions or concerns you might have.

Whether you need more information about the product, have questions about ingredients, or would like assistance with the checkout process, please feel free to reach out. Your satisfaction is our priority, and we want to ensure you have the best experience possible.

Looking forward to helping you!

Best regards,  
Katy"
BoxNCase Help Center,BoxNCase Support,Staff Outbound,https://support.boxncase.com/conversations/order-update-05fed5f723cc494f/perma?token=3ff6b49bdc337,"",Staff,BoxNCase Resolution Center,sales@boxncase.com,2025-04-30T16:29:36.667-04:00,"Hi Pravin,

Please complete and return the attached credit card authorization form so we can release this order for shipping. Due to safety reasons and credit card fraud, we must keep credit card authorization on file for orders over $400. This is to protect you and protect us as well.

Thanks,  
Katy"
BoxNCase Help Center,BoxNCase Support,Staff Outbound,https://support.boxncase.com/conversations/order-update-beb55e520c0f5e3e/perma?token=654b7eb162a75,"",Staff,BoxNCase Resolution Center,sales@boxncase.com,2025-04-30T16:55:39.614-04:00,"Hi Christopher,

Thank you for visiting our site! I noticed that you showed interest in our products but didn’t complete your purchase. I’m here to assist you with any questions or concerns you might have.

Whether you need more information about the product, have questions about ingredients, or would like assistance with the checkout process, please feel free to reach out. Your satisfaction is our priority, and we want to ensure you have the best experience possible.

Looking forward to helping you!

Best regards,  
Katy"
BoxNCase Help Center,BoxNCase Support,Staff Outbound,https://support.boxncase.com/conversations/order-update-a8b72f46b3832ae6/perma?token=47398223200af,"",Staff,BoxNCase Resolution Center,sales@boxncase.com,2025-05-02T10:05:54.970-04:00,"Hi Brianna

Thank you for visiting our site! I noticed that you showed interest in Dubai Chocolate but didn’t complete your purchase. I’m here to assist you with any questions or concerns you might have.

Whether you need more information about the product, have questions about ingredients, or would like assistance with the checkout process, please feel free to reach out. Your satisfaction is our priority, and we want to ensure you have the best experience possible.

Looking forward to helping you!

Best regards,
Katy"
BoxNCase Help Center,BoxNCase Support,Staff Outbound,https://support.boxncase.com/conversations/hi-paul/perma?token=1914677a33277,"",Staff,BoxNCase Resolution Center,sales@boxncase.com,2025-05-02T14:34:27.617-04:00,"Hi Paul,

Thank you for visiting our site! I noticed that you showed interest in our **BoxNCase Golden Passion Fruit** but didn’t complete your purchase. I want to ensure you have all the information you need to make the best decision for yourself.

If you have any questions about the product, such as its ingredients, benefits, or how it can fit into your lifestyle, please don’t hesitate to reach out. I’m here to provide you with detailed information and answer any concerns you might have.

Additionally, if you encountered any issues during the checkout process or need assistance with finalizing your order, I would be more than happy to help you navigate through it. Your satisfaction is our top priority, and we want to make sure your experience is seamless and enjoyable.

Looking forward to assisting you further!

Best regards,  
Katy"
BoxNCase Help Center,BoxNCase Support,Staff Outbound,https://support.boxncase.com/conversations/thank-you-for-visiting-our-site/perma?token=99421bfb4c046,"",Staff,BoxNCase Resolution Center,sales@boxncase.com,2025-05-02T14:35:35.034-04:00,"Thank you for visiting our site! I noticed that you showed interest in our products but didn’t complete your purchase. I’m here to assist you with any questions or concerns you might have.

Whether you need more information about the product, have questions about ingredients, or would like assistance with the checkout process, please feel free to reach out. Your satisfaction is our priority, and we want to ensure you have the best experience possible.

Looking forward to helping you!

Best regards,  
Katy"
BoxNCase Help Center,BoxNCase Support,Staff Outbound,https://support.boxncase.com/conversations/order-update-0e6734eda756ce3f/perma?token=5ce57203580af,"",Staff,BoxNCase Resolution Center,sales@boxncase.com,2025-05-06T12:42:52.926-04:00,"Thank you for visiting our site! I noticed that you showed interest in our products but didn’t complete your purchase. I’m here to assist you with any questions or concerns you might have.

Whether you need more information about the product, have questions about ingredients, or would like assistance with the checkout process, please feel free to reach out. Your satisfaction is our priority, and we want to ensure you have the best experience possible.

Looking forward to helping you!

Best regards,  
Katy"
BoxNCase Help Center,BoxNCase Support,Staff Outbound,https://support.boxncase.com/conversations/order-update-b85c9ba5fc2a503e/perma?token=eb06414138050,"",Staff,BoxNCase Resolution Center,sales@boxncase.com,2025-05-07T12:40:08.924-04:00,"Thank you for visiting our site! I noticed that you showed interest in our World Globe Chocolate but didn’t complete your purchase. I’m here to assist you with any questions or concerns you might have.

Whether you need more information about the product, have questions about ingredients, or would like assistance with the checkout process, please feel free to reach out. Your satisfaction is our priority, and we want to ensure you have the best experience possible.

Looking forward to helping you!

Best regards,  
Katy"
BoxNCase Help Center,BoxNCase Support,Staff Outbound,https://support.boxncase.com/conversations/order-update-70ccf59e023965fe/perma?token=66efe7d069627,"",Staff,BoxNCase Resolution Center,sales@boxncase.com,2025-05-07T12:41:18.568-04:00,"Thank you for visiting our site! I noticed that you showed interest in our Coke Zero but didn’t complete your purchase. I’m here to assist you with any questions or concerns you might have.

Whether you need more information about the product, have questions about ingredients, or would like assistance with the checkout process, please feel free to reach out. Your satisfaction is our priority, and we want to ensure you have the best experience possible.

Looking forward to helping you!

Best regards,  
Katy"
BoxNCase Help Center,BoxNCase Support,Staff Outbound,https://support.boxncase.com/conversations/order-update-0314f91b79ad03c0/perma?token=13452bb0dfe50,"",Staff,BoxNCase Resolution Center,sales@boxncase.com,2025-05-07T12:42:07.552-04:00,"Thank you for visiting our site! I noticed that you showed interest in our Skinny Rice but didn’t complete your purchase. I’m here to assist you with any questions or concerns you might have.

Whether you need more information about the product, have questions about ingredients, or would like assistance with the checkout process, please feel free to reach out. Your satisfaction is our priority, and we want to ensure you have the best experience possible.

Looking forward to helping you!

Best regards,  
Katy"
BoxNCase Help Center,BoxNCase Support,Staff Outbound,https://support.boxncase.com/conversations/order-update-d26e767efe751696/perma?token=afa3879517fad,"",Staff,BoxNCase Resolution Center,sales@boxncase.com,2025-05-10T12:35:54.357-04:00,"Hi Cheri,

Thank you for your recent order! We truly appreciate your business and are excited to get your items shipped to you.

To proceed with the shipping of your order, we kindly ask that you complete and return the attached credit card authorization form. This step is necessary for orders exceeding $500 due to safety protocols and to help prevent credit card fraud. We take the security of your information very seriously, and this measure is in place to protect both you and us.

If you have any questions or need assistance while filling out the form, please don't hesitate to reach out. We're here to help!

Thank you for your understanding and cooperation.

Best regards,  
Katy"
BoxNCase Help Center,BoxNCase Support,Staff Outbound,https://support.boxncase.com/conversations/dubai-chocolate/perma?token=9f838bb588b33,"",Staff,BoxNCase Resolution Center,sales@boxncase.com,2025-05-15T15:21:21.884-04:00,"Hi Nedal,

Thank you for visiting our site! I noticed that you showed interest in our Dubai Chocolate but didn’t complete your purchase. I’m here to assist you with any questions or concerns you might have.

Whether you need more information about the product, have questions about ingredients, or would like assistance with the checkout process, please feel free to reach out. Your satisfaction is our priority, and we want to ensure you have the best experience possible.

Looking forward to helping you!

Best regards,  
Katy"
BoxNCase Help Center,BoxNCase Support,Staff Outbound,https://support.boxncase.com/conversations/dads-root-beer/perma?token=a5e5511aa13f3,"",Staff,BoxNCase Resolution Center,sales@boxncase.com,2025-05-15T15:22:44.545-04:00,"Hi Brooke,

Thank you for visiting our site! I noticed that you showed interest in our Dad's Root Beer but didn’t complete your purchase. I’m here to assist you with any questions or concerns you might have.

Whether you need more information about the product, have questions about ingredients, or would like assistance with the checkout process, please feel free to reach out. Your satisfaction is our priority, and we want to ensure you have the best experience possible.

Looking forward to helping you!

Best regards,  
Katy"
BoxNCase Help Center,BoxNCase Support,Staff Outbound,https://support.boxncase.com/conversations/galvanina-water/perma?token=82ca226481971,"",Staff,BoxNCase Resolution Center,sales@boxncase.com,2025-05-15T15:23:58.309-04:00,"Hi Tina,

Thank you for visiting our site! I noticed that you showed interest in our Galvanina Waters but didn’t complete your purchase. I’m here to assist you with any questions or concerns you might have.

Whether you need more information about the product, have questions about ingredients, or would like assistance with the checkout process, please feel free to reach out. Your satisfaction is our priority, and we want to ensure you have the best experience possible.

Looking forward to helping you!

Best regards,  
Katy"
BoxNCase Help Center,BoxNCase Support,Staff Outbound,https://support.boxncase.com/conversations/natalie-juices/perma?token=f91440bfc7ad2,"",Staff,BoxNCase Resolution Center,sales@boxncase.com,2025-05-16T16:08:10.514-04:00,"Hi Krista,

Thank you for visiting our site! I noticed that you showed interest in our Natalie Juices but didn’t complete your purchase. I’m here to assist you with any questions or concerns you might have.

Whether you need more information about the product, have questions about ingredients, or would like assistance with the checkout process, please feel free to reach out. Your satisfaction is our priority, and we want to ensure you have the best experience possible.

Looking forward to helping you!

Best regards,  
Katy"
BoxNCase Help Center,BoxNCase Support,Staff Outbound,https://support.boxncase.com/conversations/montys-vegan-products/perma?token=d4b4044d4fa6f,"",Staff,BoxNCase Resolution Center,sales@boxncase.com,2025-05-16T16:10:31.019-04:00,"Hi Elizabeth,

I’d like to welcome you to our site. I’m reaching out to follow up on your interest in our Monty’s Vegan products. I know you visited our site recently, but didn’t complete a purchase, so I wanted to provide any information or assistance you might need.

Do you have questions about ingredients, need assistance with the check-out process, or are you just wanting to know more about any of the products? Please don't hesitate to ask. Your satisfaction is our top priority, and we’re here to ensure you have the best possible experience with Monty’s Vegan.

Best Regards,

Katy"
BoxNCase Help Center,BoxNCase Support,Staff Outbound,https://support.boxncase.com/conversations/bnc25-19640-113/perma?token=8e9f94660788a,"",Staff,BoxNCase Resolution Center,sales@boxncase.com,2025-05-22T12:52:35.944-04:00,"Hi Patrick,

Thank you for your recent order! We truly appreciate your business and are excited to get your items shipped to you.

To proceed with the shipping of your order, we kindly ask that you complete and return the attached credit card authorization form. This step is necessary for orders exceeding $500 due to safety protocols and to help prevent credit card fraud. We take the security of your information very seriously, and this measure is in place to protect both you and us.

If you have any questions or need assistance while filling out the form, please don't hesitate to reach out. We're here to help!

Thank you for your understanding and cooperation.

Best regards,  
Katy"
BoxNCase Help Center,BoxNCase Support,Staff Outbound,https://support.boxncase.com/conversations/order-update-7dca9b4cad0ad09e/perma?token=32077449ec7f4,"",Staff,BoxNCase Resolution Center,sales@boxncase.com,2025-05-30T11:46:34.585-04:00,"Hi Nedal,

Thank you for your recent order! We truly appreciate your business and are excited to get your items shipped to you.

To proceed with the shipping of your order, we kindly ask that you complete and return the attached credit card authorization form. This step is necessary for orders exceeding $500 due to safety protocols and to help prevent credit card fraud. We take the security of your information very seriously, and this measure is in place to protect both you and us.

If you have any questions or need assistance while filling out the form, please don't hesitate to reach out. We're here to help!

Thank you for your understanding and cooperation.

Best regards,  
Katy"
BoxNCase Help Center,BoxNCase Support,Staff Outbound,https://support.boxncase.com/conversations/order-update-e213010bb1db825e/perma?token=98aa5764518f2,"",Staff,BoxNCase Resolution Center,sales@boxncase.com,2025-06-13T17:49:14.404-04:00,"Hi John,

Thank you for visiting our site! I noticed that you showed interest in our products but didn’t complete your purchase. I’m here to assist you with any questions or concerns you might have.

Whether you need more information about the product, have questions about ingredients, or would like assistance with the checkout process, please feel free to reach out. Your satisfaction is our priority, and we want to ensure you have the best experience possible.

Looking forward to helping you!

Best regards,  
Katy"
BoxNCase Help Center,BoxNCase Support,Staff Outbound,https://support.boxncase.com/conversations/galvanina-organic-non-alcoholic-spritz-6-dot-8oz/perma?token=3292d2f5b21c2,"",Staff,BoxNCase Resolution Center,sales@boxncase.com,2025-06-13T17:50:37.973-04:00,"Hi Rosario,

Thank you for visiting our site! I noticed that you showed interest in our Galvanina Organic Non-Alcoholic Spritz 6.8oz but didn’t complete your purchase. I’m here to assist you with any questions or concerns you might have.

Whether you need more information about the product, have questions about ingredients, or would like assistance with the checkout process, please feel free to reach out. Your satisfaction is our priority, and we want to ensure you have the best experience possible.

Looking forward to helping you!

Best regards,  
Katy"
BoxNCase Help Center,BoxNCase Support,Staff Outbound,https://support.boxncase.com/conversations/dubai-chocolate-e78bfb49ac6e60e9/perma?token=8b0af05cb5f83,"",Staff,BoxNCase Resolution Center,sales@boxncase.com,2025-06-16T17:40:37.241-04:00,"Hi Michael,

Thank you for visiting our site! I noticed that you showed interest in our Dubai Chocolate but didn’t complete your purchase. I’m here to assist you with any questions or concerns you might have.

Whether you need more information about the product, have questions about ingredients, or would like assistance with the checkout process, please feel free to reach out. Your satisfaction is our priority, and we want to ensure you have the best experience possible.

Looking forward to helping you!

Best regards,  
Katy"
BoxNCase Help Center,BoxNCase Support,Staff Outbound,https://support.boxncase.com/conversations/artichoke-hearts/perma?token=c92f3a76e3be4,"",Staff,BoxNCase Resolution Center,sales@boxncase.com,2025-06-19T12:18:30.918-04:00,"Hi Kitt,

Thank you for visiting our site! I noticed that you showed interest in our Artichoke hearts but didn’t complete your purchase. I’m here to assist you with any questions or concerns you might have.

Whether you need more information about the product, have questions about ingredients, or would like assistance with the checkout process, please feel free to reach out. Your satisfaction is our priority, and we want to ensure you have the best experience possible.

Looking forward to helping you!

Best regards,
Katy"
BoxNCase Help Center,BoxNCase Support,Staff Outbound,https://support.boxncase.com/conversations/action-required-credit-card-authorization-and-shipping-balance/perma?token=27c361d48226e,"",Staff,BoxNCase Resolution Center,sales@boxncase.com,2025-06-23T13:56:44.158-04:00,"Hi Gaston,

I hope this message finds you well.

To proceed with shipping your order, please complete and return the attached credit card authorization form. This step is necessary for all orders exceeding $400, as it helps us ensure the safety and security of your transaction, protecting both you and our business from potential credit card fraud.

Additionally, we have included the shipping quote for your order. Please take a moment to review it and submit the remaining balance at your earliest convenience.

Your prompt attention to these matters will help us expedite the processing and shipping of your order. If you have any questions or need further assistance, please do not hesitate to reach out.

Thank you for your understanding and cooperation.

Best regards,

Katy"
BoxNCase Help Center,BoxNCase Support,Staff Outbound,https://support.boxncase.com/conversations/order-update-55095974e10721ee/perma?token=9668a4216ba98,"",Staff,BoxNCase Resolution Center,sales@boxncase.com,2025-06-23T15:44:50.454-04:00,"Hi Zaim,

I hope this message finds you well.

To proceed with shipping your order, please complete and return the attached credit card authorization form. This step is necessary for all orders exceeding $400, as it helps us ensure the safety and security of your transaction, protecting both you and our business from potential credit card fraud.

Your prompt attention to this matter will help us expedite the processing and shipping of your order. If you have any questions or need further assistance, please do not hesitate to reach out.

Thank you for your understanding and cooperation.

Best regards,

Katy"
BoxNCase Help Center,BoxNCase Support,Staff Outbound,https://support.boxncase.com/conversations/bnc25-19939-113/perma?token=d445621f23ebc,"",Staff,BoxNCase Resolution Center,sales@boxncase.com,2025-06-23T18:22:15.149-04:00,"Subject: Shipping Address Confirmation Needed

Hi Ivan,

I hope this message finds you well!

We’re excited to process your order, but we noticed that your shipping address is missing the house number. To ensure that your order reaches you without any delays, could you please provide the complete shipping address? Here’s what we have on file:

* **Name:** Ivan Green
* **Address:** Cmto Mulege
* **City:** San Diego
* **State:** CA
* **Zip Code:** 92126
* **Country:** United States

If you could reply with the missing house number, that would be greatly appreciated. Thank you for your attention to this matter, and we look forward to getting your order shipped out as soon as possible!

Best regards,  
Jen"
BoxNCase Help Center,BoxNCase Support,Staff Outbound,https://support.boxncase.com/conversations/urgent-number-bnc25-20115-113-confirmation-of-shipping-address-needed/perma?token=d67ca488a4174,"",Staff,BoxNCase Resolution Center,sales@boxncase.com,2025-06-24T14:27:00.925-04:00,"Hi Susan,

Thank you for your recent order with us! We appreciate your business and are excited to get your items shipped out to you.

However, it appears that the shipping address provided is currently unconfirmed. To ensure that your order is delivered promptly and accurately, could you please provide the complete shipping address at your earliest convenience?

Your satisfaction is our top priority, and we want to make sure everything is perfect for you.

Thank you for your attention to this matter, and we look forward to hearing from you soon!

Best regards,  
Jen  
BoxNCase Help Center"
BoxNCase Help Center,BoxNCase Support,Staff Outbound,https://support.boxncase.com/conversations/order-number-bnc25-20132-113/perma?token=579998aedade8,"",Staff,BoxNCase Resolution Center,sales@boxncase.com,2025-06-24T16:12:56.823-04:00,"Hi Sam,

Thank you for your order! We are pleased to inform you that the warehouse has confirmed your order will be ready for pick-up after 1 PM tomorrow. Here are the details for your convenience:

**Pick-Up Location:**

* **Address:**  
Box N Case/Puredot  
63 Austin Blvd.  
Commack, NY 11725

**Contact Name:**

* Leo
* Katy - Ph # : 516-780-7078

When you arrive, please head to the front office and ask for Leo, who will assist you with your order.

If you have any questions or need further assistance, please don't hesitate to reach out. We appreciate your business and look forward to serving you!

Thank you,  
Katy"
